{"ctxid":0,"pos":[158.251007,-738.291992,286.481995],"rotationMatrix":[0.751910329,-0.659265399,0,0.659265399,0.751910329,0,0,0,1],"scale":1,"type":"italy_rock_wall_pile"}
{"ctxid":0,"pos":[174.462006,-746.919006,284.306],"rotationMatrix":[-0.935331345,0.353772908,0,-0.353772908,-0.935331345,0,0,0,1],"scale":1,"type":"italy_rock_wall_pile"}
{"ctxid":0,"pos":[173.744995,-748.211975,284.671997],"rotationMatrix":[-0.240942597,-0.970539391,0,0.970539391,-0.240942597,0,0,0,1],"scale":1,"type":"italy_rock_wall_pile"}
{"ctxid":0,"pos":[264.739014,-1151.90002,326.125],"rotationMatrix":[0.909602404,0.415479809,0,-0.415479809,0.909602404,0,0,0,1],"scale":1,"type":"italy_rock_wall_pile"}
{"ctxid":0,"pos":[272.890808,-1175.89941,327.497009],"rotationMatrix":[-0.96222049,-0.272271454,0,0.272271454,-0.96222049,0,0,0,1],"scale":1,"type":"italy_rock_wall_pile"}
{"ctxid":0,"pos":[661.054016,376.850006,170.459],"rotationMatrix":[-0.745833039,-0.666132927,0,0.666132927,-0.745833039,0,0,0,1],"scale":1,"type":"italy_rock_wall_pile"}
{"ctxid":0,"pos":[613.429993,413.963013,171.809998],"rotationMatrix":[0.57200253,0.820251882,0,-0.820251882,0.57200253,0,0,0,1],"scale":1,"type":"italy_rock_wall_pile"}
{"ctxid":0,"pos":[584.984985,384.088989,173.619995],"rotationMatrix":[-0.234963179,0.972004294,0,-0.972004294,-0.234963179,0,0,0,1],"scale":1,"type":"italy_rock_wall_pile"}
{"ctxid":0,"pos":[580.252991,382.920013,173.789993],"rotationMatrix":[-0.306374431,0.951911092,0,-0.951911092,-0.306374431,0,0,0,1],"scale":1,"type":"italy_rock_wall_pile"}
{"ctxid":0,"pos":[575.986023,387.381012,174.057999],"rotationMatrix":[-0.233706236,0.972307265,0,-0.972307265,-0.233706236,0,0,0,1],"scale":1,"type":"italy_rock_wall_pile"}
{"ctxid":0,"pos":[282.585999,292.56601,181.707001],"rotationMatrix":[0.875199914,0.48376143,0,-0.48376143,0.875199914,0,0,0,1],"scale":1,"type":"italy_rock_wall_pile"}
{"ctxid":0,"pos":[1012.99744,1093.91296,156.660553],"rotationMatrix":[1,0,0,0,1,0,0,0,1],"scale":1,"type":"italy_rock_wall_pile"}
{"ctxid":0,"pos":[1007.55835,1095.76221,156.098785],"rotationMatrix":[1,0,0,0,1,0,0,0,1],"scale":1,"type":"italy_rock_wall_pile"}
{"ctxid":0,"pos":[354.930817,-1139.70227,339.848907],"rotationMatrix":[0.81869489,-0.574228883,0,0.574228883,0.81869489,0,0,0,1],"scale":1,"type":"italy_rock_wall_pile"}
{"ctxid":0,"pos":[349.774139,-1163.3479,338.415192],"rotationMatrix":[1,0,0,0,1,0,0,0,1],"scale":1,"type":"italy_rock_wall_pile"}
{"ctxid":0,"pos":[212.762924,-1302.85352,375.106964],"rotationMatrix":[1,0,0,0,1,0,0,0,1],"scale":1,"type":"italy_rock_wall_pile"}
{"ctxid":0,"pos":[216.170746,-1295.0033,375.553894],"rotationMatrix":[0.666153014,-0.745815456,0,0.745815456,0.666153014,0,0,0,1],"scale":1,"type":"italy_rock_wall_pile"}
{"ctxid":0,"pos":[226.874313,-1289.53882,376.077789],"rotationMatrix":[0.599573612,-0.800319731,0,0.800319731,0.599573612,0,0,0,1],"scale":1,"type":"italy_rock_wall_pile"}
{"ctxid":0,"pos":[230.991241,-1274.57983,376.880371],"rotationMatrix":[0.914719045,0.404089659,0,-0.404089659,0.914719045,0,0,0,1],"scale":1,"type":"italy_rock_wall_pile"}
{"ctxid":0,"pos":[318.076263,-1364.36633,366.539764],"rotationMatrix":[-0.0281066317,0.993124902,-0.113636367,-0.999599874,-0.0282898806,0,-0.00321475882,0.113590889,0.993522346],"scale":1,"type":"italy_rock_wall_pile"}
{"ctxid":0,"pos":[326.041077,-1363.17883,365.922211],"rotationMatrix":[0.294373602,-0.927595258,0.230023846,0.953154087,0.302484751,0,-0.0695787072,0.219248176,0.973184943],"scale":1,"type":"italy_rock_wall_pile"}
{"ctxid":0,"pos":[1038.85559,857.006348,180.305756],"rotationMatrix":[0.137198225,-0.974461257,0.17776753,0.990233362,0.13941884,0,-0.0247841459,0.176031306,0.984072447],"scale":1,"type":"italy_rock_wall_pile"}
{"ctxid":0,"pos":[1052.33801,860.81665,179.918884],"rotationMatrix":[1,0,0,0,1,0,0,0,1],"scale":1,"type":"italy_rock_wall_pile"}
{"ctxid":0,"pos":[-795.110107,-936.366821,456.185059],"rotationMatrix":[0.380377531,-0.924831331,0,0.924831331,0.380377531,0,0,0,1],"scale":1,"type":"italy_rock_wall_pile"}
{"ctxid":0,"pos":[-800.521545,-937.362671,456.514252],"rotationMatrix":[0.133234739,-0.991084456,0,0.991084456,0.133234739,0,0,0,1],"scale":1,"type":"italy_rock_wall_pile"}
{"ctxid":0,"pos":[-787.580017,-931.073792,455.397705],"rotationMatrix":[-0.703199983,0.710992157,0,-0.710992157,-0.703199983,0,0,0,1],"scale":1,"type":"italy_rock_wall_pile"}
{"ctxid":0,"pos":[-792.844849,-935.079834,456.134613],"rotationMatrix":[-0.548434675,0.836153865,0.00818742998,-0.836181402,-0.548452675,0,0.00449031591,-0.00684601255,0.999967337],"scale":1,"type":"italy_rock_wall_pile"}
{"ctxid":0,"pos":[964.689026,130.639542,219.026215],"rotationMatrix":[0.96986407,-0.216525421,0.111715265,0.217889354,0.975973487,0,-0.109031133,0.0243415665,0.993740261],"scale":1,"type":"italy_rock_wall_pile"}
{"ctxid":0,"pos":[970.696045,127.705956,219.356995],"rotationMatrix":[0.363675803,0.931525469,0,-0.931525469,0.363675803,0,0,0,1],"scale":1,"type":"italy_rock_wall_pile"}
{"ctxid":0,"pos":[1077.93091,-142.269241,260.350037],"rotationMatrix":[0.993817389,0.111027591,0,-0.111027591,0.993817389,0,0,0,1],"scale":1,"type":"italy_rock_wall_pile"}
{"ctxid":0,"pos":[1082.71912,-161.248688,260.400543],"rotationMatrix":[0.967448711,0.253067017,0,-0.253067017,0.967448711,0,0,0,1],"scale":1,"type":"italy_rock_wall_pile"}
{"ctxid":0,"pos":[1083.18054,-96.9023056,260.310028],"rotationMatrix":[0.881478727,-0.472223997,0,0.472223997,0.881478727,0,0,0,1],"scale":1,"type":"italy_rock_wall_pile"}
{"ctxid":0,"pos":[1081.94336,-87.8687515,262.02771],"rotationMatrix":[0.674670458,0.738119125,0,-0.688022196,0.628879666,0.362126708,0.267292678,-0.244316205,0.932128608],"scale":1,"type":"italy_rock_wall_pile"}
{"ctxid":0,"pos":[370.082397,-150.187637,184.151459],"rotationMatrix":[0.797805548,-0.602914631,0,0.602914631,0.797805548,0,0,0,1],"scale":1,"type":"italy_rock_wall_pile"}
{"ctxid":0,"pos":[349.505432,-173.249908,183.955826],"rotationMatrix":[0.762435079,-0.647064388,0,0.647064388,0.762435079,0,0,0,1],"scale":1,"type":"italy_rock_wall_pile"}
{"ctxid":0,"pos":[402.819824,-104.991409,184.655258],"rotationMatrix":[-0.807587028,0.5897488,0,-0.5897488,-0.807587028,0,0,0,1],"scale":1,"type":"italy_rock_wall_pile"}
{"ctxid":0,"pos":[328.043915,-62.4722557,182.874893],"rotationMatrix":[1,0,0,0,1,0,0,0,1],"scale":1,"type":"italy_rock_wall_pile"}
{"ctxid":0,"pos":[757.660522,-581.657349,187.722397],"rotationMatrix":[0.912441254,-0.409207433,0,0.409207433,0.912441254,0,0,0,1],"scale":1,"type":"italy_rock_wall_pile"}
{"ctxid":0,"pos":[743.588989,-609.922729,187.931351],"rotationMatrix":[0.918692529,-0.394973218,0,0.394973218,0.918692529,0,0,0,1],"scale":1,"type":"italy_rock_wall_pile"}
{"ctxid":0,"pos":[733.599548,-632.760071,187.934784],"rotationMatrix":[0.971624374,-0.236528799,0,0.236528799,0.971624374,0,0,0,1],"scale":1,"type":"italy_rock_wall_pile"}
{"ctxid":0,"pos":[177.70195,404.784729,182.599228],"rotationMatrix":[0.963635981,0.267217755,0,-0.267217755,0.963635981,0,0,0,1],"scale":1,"type":"italy_rock_wall_pile"}
{"ctxid":0,"pos":[210.497879,304.430298,185.156281],"rotationMatrix":[0.355113387,0.934823215,0,-0.934823215,0.355113387,0,0,0,1],"scale":1,"type":"italy_rock_wall_pile"}
{"ctxid":0,"pos":[213.375824,303.358734,185.011917],"rotationMatrix":[0.0888773203,-0.996042371,0,0.996042371,0.0888773203,0,0,0,1],"scale":1,"type":"italy_rock_wall_pile"}
{"ctxid":0,"pos":[199.074936,332.704315,184.122192],"rotationMatrix":[0.940800428,0.338961512,0,-0.338961512,0.940800428,0,0,0,1],"scale":1,"type":"italy_rock_wall_pile"}
{"ctxid":0,"pos":[172.356735,424.225952,181.69812],"rotationMatrix":[0.978750169,0.205055475,0,-0.205055475,0.978750169,0,0,0,1],"scale":1,"type":"italy_rock_wall_pile"}
{"ctxid":0,"pos":[765.829285,-552.954895,189.015808],"rotationMatrix":[0.476754725,0.879036248,0,-0.879036248,0.476754725,0,0,0,1],"scale":1,"type":"italy_rock_wall_pile"}
{"ctxid":0,"pos":[773.21582,-556.737915,187.870285],