{"ctxid":0,"pos":[824.263977,195.240005,187.016006],"rotationMatrix":[0.937271118,0.348601282,0,-0.348601282,0.937271118,0,0,0,1],"scale":1,"type":"italy_fence_mesh_6m"}
{"ctxid":0,"pos":[793.312561,-742.968994,180.249634],"rotationMatrix":[0.921456575,0.38848123,0,-0.38848123,0.921456575,0,0,0,1],"scale":1,"type":"italy_fence_mesh_6m"}
{"ctxid":0,"pos":[787.694824,-745.00708,180.123596],"rotationMatrix":[0.955165327,0.296074033,0,-0.296074033,0.955165327,0,0,0,1],"scale":1,"type":"italy_fence_mesh_6m"}
{"ctxid":0,"pos":[781.835388,-745.733215,180.027542],"rotationMatrix":[0.998299301,-0.058296483,0,0.058296483,0.998299301,0,0,0,1],"scale":1,"type":"italy_fence_mesh_6m"}
{"ctxid":0,"pos":[775.862,-745.835083,180.144073],"rotationMatrix":[0.995254517,0.0973068476,0,-0.0973068476,0.995254517,0,0,0,1],"scale":1,"type":"italy_fence_mesh_6m"}
{"ctxid":0,"pos":[769.884888,-745.884216,180.010071],"rotationMatrix":[0.996832848,-0.0795247629,0,0.0795247629,0.996832848,0,0,0,1],"scale":1,"type":"italy_fence_mesh_6m"}
{"ctxid":0,"pos":[763.974548,-745.021851,180.140961],"rotationMatrix":[0.978570104,-0.2059149,0,0.2059149,0.978570104,0,0,0,1],"scale":1,"type":"italy_fence_mesh_6m"}
{"ctxid":0,"pos":[758.374817,-743.050903,181.085922],"rotationMatrix":[0.893786311,-0.448493361,0,0.448493361,0.893786311,0,0,0,1],"scale":1,"type":"italy_fence_mesh_6m"}
{"ctxid":0,"pos":[752.796814,-741.005615,181.695435],"rotationMatrix":[0.972313404,-0.233680472,0,0.233680472,0.972313404,0,0,0,1],"scale":1,"type":"italy_fence_mesh_6m"}
{"ctxid":0,"pos":[747.329224,-738.759216,181.935745],"rotationMatrix":[0.85626775,-0.516531825,0,0.516531825,0.85626775,0,0,0,1],"scale":1,"type":"italy_fence_mesh_6m"}
{"ctxid":0,"pos":[742.226562,-735.614929,182.020981],"rotationMatrix":[0.846598148,-0.532232344,0,0.532232344,0.846598148,0,0,0,1],"scale":1,"type":"italy_fence_mesh_6m"}
{"ctxid":0,"pos":[737.797546,-731.707458,181.276764],"rotationMatrix":[0.637402475,-0.770530701,0,0.770530701,0.637402475,0,0,0,1],"scale":1,"type":"italy_fence_mesh_6m"}
{"ctxid":0,"pos":[735.020813,-726.55426,181.453369],"rotationMatrix":[0.317503273,-0.94825691,0,0.94825691,0.317503273,0,0,0,1],"scale":1,"type":"italy_fence_mesh_6m"}
{"ctxid":0,"pos":[732.500305,-721.141113,182.456406],"rotationMatrix":[0.52170074,-0.853128791,0,0.853128791,0.52170074,0,0,0,1],"scale":1,"type":"italy_fence_mesh_6m"}
{"ctxid":0,"pos":[729.004822,-716.299438,182.635529],"rotationMatrix":[0.648688972,-0.761053443,0,0.761053443,0.648688972,0,0,0,1],"scale":1,"type":"italy_fence_mesh_6m"}
{"ctxid":0,"pos":[726.325745,-711.112488,183.503983],"rotationMatrix":[0.245205566,-0.969471037,0,0.969471037,0.245205566,0,0,0,1],"scale":1,"type":"italy_fence_mesh_6m"}
{"ctxid":0,"pos":[724.62677,-705.381531,184.759674],"rotationMatrix":[0.32300362,-0.946397781,0,0.946397781,0.32300362,0,0,0,1],"scale":1,"type":"italy_fence_mesh_6m"}
{"ctxid":0,"pos":[723.99884,-703.513794,185.90329],"rotationMatrix":[0.3036291,-0.952790439,0,0.952790439,0.3036291,0,0,0,1],"scale":1,"type":"italy_fence_mesh_6m"}
{"ctxid":0,"pos":[724.32135,-697.931763,186.173401],"rotationMatrix":[-0.407517105,-0.913197458,0,0.913197458,-0.407517105,0,0,0,1],"scale":1,"type":"italy_fence_mesh_6m"}
{"ctxid":0,"pos":[726.833008,-692.494812,186.358337],"rotationMatrix":[-0.428022891,-0.903767705,0,0.903767705,-0.428022891,0,0,0,1],"scale":1,"type":"italy_fence_mesh_6m"}
{"ctxid":0,"pos":[729.106506,-686.967651,186.71524],"rotationMatrix":[-0.333243698,-0.942840695,0,0.942840695,-0.333243698,0,0,0,1],"scale":1,"type":"italy_fence_mesh_6m"}
{"ctxid":0,"pos":[730.868774,-681.237305,187.14801],"rotationMatrix":[-0.258565962,-0.965993643,0,0.965993643,-0.258565962,0,0,0,1],"scale":1,"type":"italy_fence_mesh_6m"}
{"ctxid":0,"pos":[755.280396,-660.051636,185.326202],"rotationMatrix":[-0.965929687,0.25880459,0,-0.25880459,-0.965929687,0,0,0,1],"scale":1,"type":"italy_fence_mesh_6m"}
{"ctxid":0,"pos":[749.484863,-658.498474,186.433853],"rotationMatrix":[-0.965929687,0.25880459,0,-0.25880459,-0.965929687,0,0,0,1],"scale":1,"type":"italy_fence_mesh_6m"}
{"ctxid":0,"pos":[761.075928,-661.60437,184.632523],"rotationMatrix":[-0.965929687,0.25880459,0,-0.25880459,-0.965929687,0,0,0,1],"scale":1,"type":"italy_fence_mesh_6m"}
{"ctxid":0,"pos":[766.871582,-663.157166,184.187363],"rotationMatrix":[-0.965929687,0.25880459,0,-0.25880459,-0.965929687,0,0,0,1],"scale":1,"type":"italy_fence_mesh_6m"}
{"ctxid":0,"pos":[772.667114,-664.709839,183.865707],"rotationMatrix":[-0.965929687,0.25880459,0,-0.25880459,-0.965929687,0,0,0,1],"scale":1,"type":"italy_fence_mesh_6m"}
{"ctxid":0,"pos":[743.689575,-656.945862,187.151031],"rotationMatrix":[-0.965929687,0.25880459,0,-0.25880459,-0.965929687,0,0,0,1],"scale":1,"type":"italy_fence_mesh_6m"}
{"ctxid":0,"pos":[737.893738,-655.393188,187.5],"rotationMatrix":[-0.965929687,0.25880459,0,-0.25880459,-0.965929687,0,0,0,1],"scale":1,"type":"italy_fence_mesh_6m"}
{"ctxid":0,"pos":[732.05365,-675.377869,187.580627],"rotationMatrix":[-0.130004093,-0.991513491,0,0.991513491,-0.130004093,0,0,0,1],"scale":1,"type":"italy_fence_mesh_6m"}
{"ctxid":0,"pos":[732.704285,-669.414001,187.831787],"rotationMatrix":[-0.087203905,-0.996190429,0,0.996190429,-0.087203905,0,0,0,1],"scale":1,"type":"italy_fence_mesh_6m"}
{"ctxid":0,"pos":[733.495483,-663.482727,187.881256],"rotationMatrix":[-0.177855477,-0.984056711,0,0.984056711,-0.177855477,0,0,0,1],"scale":1,"type":"italy_fence_mesh_6m"}
{"ctxid":0,"pos":[734.510925,-657.570068,187.966919],"rotationMatrix":[-0.163579762,-0.986530006,0,0.986530006,-0.163579762,0,0,0,1],"scale":1,"type":"italy_fence_mesh_6m"}
{"ctxid":0,"pos":[778.548157,-665.633789,183.37912],"rotationMatrix":[0.998630643,-0.0523150116,0,0.0523150116,0.998630643,0,0,0,1],"scale":1,"type":"italy_fence_mesh_6m"}
{"ctxid":0,"pos":[805.910278,-682.609436,180.887192],"rotationMatrix":[0.952888131,-0.303321779,0,0.303321779,0.952888131,0,0,0,1],"scale":1,"type":"italy_fence_mesh_6m"}
{"ctxid":0,"pos":[800.27832,-680.549805,181.265625],"rotationMatrix":[0.923336089,-0.38399291,0,0.38399291,0.923336089,0,0,0,1],"scale":1,"type":"italy_fence_mesh_6m"}
{"ctxid":0,"pos":[794.89917,-677.940125,181.722107],"rotationMatrix":[0.873587549,-0.48666662,0,0.48666662,0.873587549,0,0,0,1],"scale":1,"type":"italy_fence_mesh_6m"}
{"ctxid":0,"pos":[814.648315,-682.006226,180.19516],"rotationMatrix":[0.708712816,-0.705497086,0,0.705497086,0.708712816,0,0,0,1],"scale":1,"type":"italy_fence_mesh_6m"}
