{"ctxid":0,"pos":[37.1461449,-23.4504147,214.828995],"rotationMatrix":[-0.343856692,-0.938891768,0.0156473126,0.939006984,-0.343898058,5.01087125e-05,0.00533403363,0.0147101656,0.999877572],"scale":1,"type":"italy_rock_wall_a_curve"}
{"ctxid":0,"pos":[173.488007,-733.830994,285.826996],"rotationMatrix":[0.992011547,-0.126147091,0,0.126147091,0.992011547,0,0,0,1],"scale":1,"type":"italy_rock_wall_a_curve"}
{"ctxid":0,"pos":[208.278976,-1059.20007,322.139313],"rotationMatrix":[0.891019344,-0.449847549,0.0610087402,0.45033735,0.89283669,0.00624641916,-0.0572807714,0.0219088327,0.998117745],"scale":1,"type":"italy_rock_wall_a_curve"}
{"ctxid":0,"pos":[1062.72998,570.442993,181.171005],"rotationMatrix":[-0.965351343,-0.260953605,0,0.260953605,-0.965351343,0,0,0,1],"scale":1,"type":"italy_rock_wall_a_curve"}
{"ctxid":0,"pos":[1056.97998,570.716003,181.272995],"rotationMatrix":[-0.940055966,0.341020197,0,-0.341020197,-0.940055966,0,0,0,1],"scale":1,"type":"italy_rock_wall_a_curve"}
{"ctxid":0,"pos":[361.406006,1791.72998,185.171997],"rotationMatrix":[0.305215359,-0.952283382,0,0.952283382,0.305215359,0,0,0,1],"scale":1,"type":"italy_rock_wall_a_curve"}
{"ctxid":0,"pos":[357.55899,1793.71997,185.979004],"rotationMatrix":[0.938850284,0.282185197,-0.197311088,-0.285705477,0.958254337,0.0110005029,0.192178383,0.0460450314,0.980279207],"scale":1,"type":"italy_rock_wall_a_curve"}
{"ctxid":0,"pos":[643.531982,390.627991,170.817001],"rotationMatrix":[0.874399304,-0.485207021,0,0.485207021,0.874399304,0,0,0,1],"scale":1,"type":"italy_rock_wall_a_curve"}
{"ctxid":0,"pos":[621.159973,399.031006,171.703995],"rotationMatrix":[-0.778498054,-0.627647042,0,0.627647042,-0.778498054,0,0,0,1],"scale":1,"type":"italy_rock_wall_a_curve"}
{"ctxid":0,"pos":[623.150024,404.040009,171.690994],"rotationMatrix":[0.142735958,-0.989760816,0,0.989760816,0.142735958,0,0,0,1],"scale":1,"type":"italy_rock_wall_a_curve"}
{"ctxid":0,"pos":[270.052002,304.26001,181.654007],"rotationMatrix":[0.719499469,-0.694492996,0,0.694492996,0.719499469,0,0,0,1],"scale":1,"type":"italy_rock_wall_a_curve"}
{"ctxid":0,"pos":[264.963989,307.088989,182.248001],"rotationMatrix":[0.966778278,-0.231966004,-0.107384972,0.233311296,0.972402096,-3.66487111e-05,0.104429871,-0.0250186957,0.994217515],"scale":1,"type":"italy_rock_wall_a_curve"}
{"ctxid":0,"pos":[1171.71875,1023.66608,165.002502],"rotationMatrix":[0.0677619725,-0.997701943,0,0.997701943,0.0677619725,0,0,0,1],"scale":1,"type":"italy_rock_wall_a_curve"}
{"ctxid":0,"pos":[1176.62195,1016.84406,165.579712],"rotationMatrix":[0.875611424,-0.473368496,0.0960584655,0.475567669,0.879679203,0,-0.0845006406,0.0456823036,0.995375574],"scale":1,"type":"italy_rock_wall_a_curve"}
{"ctxid":0,"pos":[240.680298,585.989319,178.359192],"rotationMatrix":[0.0270360578,0.999634326,0,-0.999634326,0.0270360578,0,0,0,1],"scale":1,"type":"italy_rock_wall_a_curve"}
{"ctxid":0,"pos":[242.453964,591.46936,178.281174],"rotationMatrix":[0.578223705,0.815878272,0,-0.815878272,0.578223705,0,0,0,1],"scale":1,"type":"italy_rock_wall_a_curve"}
{"ctxid":0,"pos":[246.832718,592.49353,178.180099],"rotationMatrix":[0.86552155,-0.500871658,0,0.500871658,0.86552155,0,0,0,1],"scale":1,"type":"italy_rock_wall_a_curve"}
{"ctxid":0,"pos":[381.23053,-1277.70435,359.902435],"rotationMatrix":[-0.0235232152,0.999722838,0,-0.999722838,-0.0235232152,0,0,0,1],"scale":1,"type":"italy_rock_wall_a_curve"}
{"ctxid":0,"pos":[388.661438,-1293.05164,361.02243],"rotationMatrix":[0.561209857,-0.825089931,0.0653521344,0.826857567,0.562412083,0,-0.0367548354,0.0540369116,0.997862279],"scale":1,"type":"italy_rock_wall_a_curve"}
{"ctxid":0,"pos":[390.994904,-1298.55688,361.288605],"rotationMatrix":[0.21950312,-0.974859357,0.0383048803,0.975575387,0.219664335,0,-0.00841421634,0.037369296,0.999266028],"scale":1,"type":"italy_rock_wall_a_curve"}
{"ctxid":0,"pos":[394.114105,-1138.29004,350.821564],"rotationMatrix":[0.698285282,0.715819597,0,-0.715819597,0.698285282,0,0,0,1],"scale":1,"type":"italy_rock_wall_a_curve"}
{"ctxid":0,"pos":[387.644257,-1157.03308,350.834595],"rotationMatrix":[0.0243753269,0.999702573,0,-0.999702573,0.0243753269,0,0,0,1],"scale":1,"type":"italy_rock_wall_a_curve"}
{"ctxid":0,"pos":[442.752014,-1084.25024,345.354187],"rotationMatrix":[0.864048183,0.503409207,0,-0.503409207,0.864048183,0,0,0,1],"scale":1,"type":"italy_rock_wall_a_curve"}
{"ctxid":0,"pos":[231.190506,-1282.40881,376.867462],"rotationMatrix":[-0.21285288,-0.975328863,-0.0585490987,0.977004886,-0.213218644,0,-0.0124837607,-0.0572027564,0.998284638],"scale":1,"type":"italy_rock_wall_a_curve"}
{"ctxid":0,"pos":[1051.76428,861.437805,179.798782],"rotationMatrix":[-0.103550769,-0.994624734,0,0.994624734,-0.103550769,0,0,0,1],"scale":1,"type":"italy_rock_wall_a_curve"}
{"ctxid":0,"pos":[-472.954224,-1121.6803,285.314514],"rotationMatrix":[0.548065305,0.828621566,0.114063784,-0.836421669,0.543718696,0.0690546706,-0.00479843095,-0.133251905,0.991070628],"scale":1,"type":"italy_rock_wall_a_curve"}
{"ctxid":0,"pos":[-869.684937,-1037.98804,470.691589],"rotationMatrix":[0.476137847,-0.879113376,-0.0212867782,0.87937057,0.475998163,0.0115257883,-2.79396728e-09,-0.0242068432,0.999706984],"scale":1,"type":"italy_rock_wall_a_curve"}
{"ctxid":0,"pos":[-795.508423,-935.700134,456.211182],"rotationMatrix":[-0.930630088,-0.355514944,0.0868163854,0.356862307,-0.934157252,0,0.0811001658,0.0309814978,0.996224344],"scale":1,"type":"italy_rock_wall_a_curve"}
{"ctxid":0,"pos":[-1630.17871,-489.015411,215.533142],"rotationMatrix":[-0.701949596,-0.71222651,0,0.71222651,-0.701949596,0,0,0,1],"scale":1,"type":"italy_rock_wall_a_curve"}
{"ctxid":0,"pos":[-1849.92102,-243.408188,149.089935],"rotationMatrix":[-0.684306264,0.729194522,0,-0.729194522,-0.684306264,0,0,0,1],"scale":1,"type":"italy_rock_wall_a_curve"}
{"ctxid":0,"pos":[-892.708435,354.477722,256.653412],"rotationMatrix":[0.534527004,0.845151424,0,-0.845151424,0.534527004,0,0,0,1],"scale":1,"type":"italy_rock_wall_a_curve"}
{"ctxid":0,"pos":[341.713867,-177.465652,184.112381],"rotationMatrix":[-0.999665618,-0.0258548092,0,0.0258548092,-0.999665618,0,0,0,1],"scale":1,"type":"italy_rock_wall_a_curve"}
{"ctxid":0,"pos":[304.746796,-93.3796234,181.096573],"rotationMatrix":[-0.488819897,-0.872384548,0,0.872384548,-0.488819897,0,0,0,1],"scale":1,"type":"italy_rock_wall_a_curve"}
{"ctxid":0,"pos":[308.013092,-88.208252,181.241669],"rotationMatrix":[0.595876515,0.803076088,0,-0.803076088,0.595876515,0,0,0,1],"scale":1,"type":"italy_rock_wall_a_curve"}
{"ctxid":0,"pos":[311.886047,-83.5338821,181.364838],"rotationMatrix":[-0.67852515,-0.734577119,0,0.734577119,-0.67852515,0,0,0,1],"scale":1,"type":"italy_rock_wall_a_curve"}
{"ctxid":0,"pos":[815.697754,-570.543335,185.415527],"rotationMatrix":[-0.989520073,-0.144394964,0,0.144394964,-0.989520073,0,0,0,1],"scale":1,"type":"italy_rock_wall_a_curve"}
{"ctxid":0,"pos":[762.871277,-566.985229,188.60022],"rotationMatrix":[0.0941174999,-0.995560944,0,0.995560944,0.0941174999,0,0,0,1],"scale":1,"type":"italy_rock_wall_a_curve"}
{"ctxid":0,"pos":[760.590149,-561.67688,188.880707],"rotationMatrix":[0.663560688,-0.744393885,-0.0745968893,0.74647373,0.665414691,0,0.0496378615,-0.0556846112,0.997213781],"scale":1,"type":"italy_rock_wall_a_curve"}
{"ctxid":0,"pos":[207.916733,306.91803,185.360367],"rotationMatrix":[-0.613732398,0.789513946,0,-0.789513946,-0.613732398,0,0,0,1],"scale":1,"type":"italy_rock_wall_a_curve"}
{"ctxid":0,"pos":[136.243759,505.771362,178.960266],"rotationMatrix":[-0.237079412,0.971490204,0,-0.971490204,-0.237079412,0,0,0,1],"scale":1,"type":"italy_rock_wall_a_curve"}
{"ctxid":0,"pos":[136.436203,511.574036,178.772598],"rotationMatrix":[0.290042698,0.957013786,0,-0.957013786,0.290042698,0,0,0,1],"scale":1,"type":"italy_rock_wall_a_curve"}
{"ctxid":0,"pos":[140.103134,515.779297,178.581512],"rotationMatrix":[0.905208945,0.42496708,0,-0.42496708,0.905208945,0,0,0,1],"scale":1,"type":"italy_rock_wall_a_curve"}
{"ctxid":0,