{"ctxid":0,"pos":[-997.372986,1453.03003,163.455002],"rotationMatrix":[0.924727917,-0.380628794,0,0.380628794,0.924727917,0,0,0,1],"scale":0.908100009,"type":"italy_palm_1_short"}
{"ctxid":0,"pos":[-983.804016,1445.58997,163.406998],"rotationMatrix":[0.999868751,0.0162012856,0,-0.0162012856,0.999868751,0,0,0,1],"scale":0.91930002,"type":"italy_palm_1_short"}
{"ctxid":0,"pos":[-1239.39001,1510.43005,164.177994],"rotationMatrix":[-0.310580373,-0.950547099,0,0.950547099,-0.310580373,0,0,0,1],"scale":0.863799989,"type":"italy_palm_1_short"}
{"ctxid":0,"pos":[-1228.03003,1511,164.291],"rotationMatrix":[-0.747702241,-0.664034128,0,0.664034128,-0.747702241,0,0,0,1],"scale":0.960300028,"type":"italy_palm_1_short"}
{"ctxid":0,"pos":[-1217.25,1511.22998,164.298996],"rotationMatrix":[0.298835039,0.954304755,0,-0.954304755,0.298835039,0,0,0,1],"scale":0.900099993,"type":"italy_palm_1_short"}
{"ctxid":0,"pos":[-1207.77002,1511.18994,164.401001],"rotationMatrix":[0.460862637,0.887471497,0,-0.887471497,0.460862637,0,0,0,1],"scale":0.973999977,"type":"italy_palm_1_short"}
{"ctxid":0,"pos":[-1195.73999,1511.22998,164.401993],"rotationMatrix":[0.11847353,0.992957234,0,-0.992957234,0.11847353,0,0,0,1],"scale":1.09319997,"type":"italy_palm_1_short"}
{"ctxid":0,"pos":[-1184.22998,1511.37,164.487],"rotationMatrix":[0.049179554,-0.998789966,0,0.998789966,0.049179554,0,0,0,1],"scale":0.851899981,"type":"italy_palm_1_short"}
{"ctxid":0,"pos":[-1172.82996,1508.83997,164.494003],"rotationMatrix":[0.844986916,0.534786999,0,-0.534786999,0.844986916,0,0,0,1],"scale":0.870500028,"type":"italy_palm_1_short"}
{"ctxid":0,"pos":[-1160.32996,1509.17004,164.462997],"rotationMatrix":[0.118739128,0.992925465,0,-0.992925465,0.118739128,0,0,0,1],"scale":0.969299972,"type":"italy_palm_1_short"}
{"ctxid":0,"pos":[-1149.98999,1507.43005,164.445999],"rotationMatrix":[-0.804999948,0.593274891,0,-0.593274891,-0.804999948,0,0,0,1],"scale":0.934300005,"type":"italy_palm_1_short"}
{"ctxid":0,"pos":[-1141.22998,1506.77002,164.434998],"rotationMatrix":[-0.928255081,0.371944219,0,-0.371944219,-0.928255081,0,0,0,1],"scale":0.925800025,"type":"italy_palm_1_short"}
{"ctxid":0,"pos":[-1128.30005,1503.08997,164.334],"rotationMatrix":[0.551595449,-0.83411175,0,0.83411175,0.551595449,0,0,0,1],"scale":1.04120004,"type":"italy_palm_1_short"}
{"ctxid":0,"pos":[-1357.64001,1505.18005,164.315994],"rotationMatrix":[0.328591347,0.944472194,0,-0.944472194,0.328591347,0,0,0,1],"scale":1.15149999,"type":"italy_palm_1_short"}
{"ctxid":0,"pos":[-1345.01001,1505.39001,164.315994],"rotationMatrix":[-0.999599934,-0.0282837879,0,0.0282837879,-0.999599934,0,0,0,1],"scale":1.08249998,"type":"italy_palm_1_short"}
{"ctxid":0,"pos":[-1331.76001,1506.57996,164.315994],"rotationMatrix":[0.487523079,-0.873110116,0,0.873110116,0.487523079,0,0,0,1],"scale":0.813600004,"type":"italy_palm_1_short"}
{"ctxid":0,"pos":[-1319.68005,1507.39001,164.315994],"rotationMatrix":[0.984827161,-0.173538074,0,0.173538074,0.984827161,0,0,0,1],"scale":1.11370003,"type":"italy_palm_1_short"}
{"ctxid":0,"pos":[-1308.83997,1508.23999,164.315994],"rotationMatrix":[0.00594997406,0.999982297,0,-0.999982297,0.00594997406,0,0,0,1],"scale":0.847800016,"type":"italy_palm_1_short"}
{"ctxid":0,"pos":[-1297.27002,1508.47998,164.278],"rotationMatrix":[0.876495481,0.481410086,0,-0.481410086,0.876495481,0,0,0,1],"scale":0.803200006,"type":"italy_palm_1_short"}
{"ctxid":0,"pos":[-1287.29004,1509.59998,164.242004],"rotationMatrix":[0.297176242,0.954822659,0,-0.954822659,0.297176242,0,0,0,1],"scale":1.01339996,"type":"italy_palm_1_short"}
{"ctxid":0,"pos":[-1275.47998,1508.87,164.212006],"rotationMatrix":[-0.698693037,0.715421557,0,-0.715421557,-0.698693037,0,0,0,1],"scale":0.950800002,"type":"italy_palm_1_short"}
{"ctxid":0,"pos":[-1265.48999,1509.72998,164.117996],"rotationMatrix":[-0.113927364,-0.993489087,0,0.993489087,-0.113927364,0,0,0,1],"scale":0.984700024,"type":"italy_palm_1_short"}
{"ctxid":0,"pos":[-1251.97998,1509.38,164.160995],"rotationMatrix":[0.801927805,0.597420931,0,-0.597420931,0.801927805,0,0,0,1],"scale":0.999800026,"type":"italy_palm_1_short"}
{"ctxid":0,"pos":[-1114.81995,1499.76001,164.285004],"rotationMatrix":[0.865630746,0.50068295,0,-0.50068295,0.865630746,0,0,0,1],"scale":0.862900019,"type":"italy_palm_1_short"}
{"ctxid":0,"pos":[-1101.16003,1496.85999,164.195999],"rotationMatrix":[0.972199202,0.234155312,0,-0.234155312,0.972199202,0,0,0,1],"scale":0.99119997,"type":"italy_palm_1_short"}
{"ctxid":0,"pos":[-1086.68994,1493.82996,164.035995],"rotationMatrix":[-0.977662802,-0.210179552,0,0.210179552,-0.977662802,0,0,0,1],"scale":1.07000005,"type":"italy_palm_1_short"}
{"ctxid":0,"pos":[-1076.68005,1489.21997,164.005005],"rotationMatrix":[0.72486639,0.688889503,0,-0.688889503,0.72486639,0,0,0,1],"scale":1.005,"type":"italy_palm_1_short"}
{"ctxid":0,"pos":[-1064.30005,1484.68994,163.834],"rotationMatrix":[-0.334651232,0.942342043,0,-0.942342043,-0.334651232,0,0,0,1],"scale":0.984600008,"type":"italy_palm_1_short"}
{"ctxid":0,"pos":[-1050.33997,1478.78003,163.710999],"rotationMatrix":[0.866355419,0.499427974,0,-0.499427974,0.866355419,0,0,0,1],"scale":0.893299997,"type":"italy_palm_1_short"}
{"ctxid":0,"pos":[-1036.46997,1473.72998,163.636993],"rotationMatrix":[0.851487517,-0.524374902,0,0.524374902,0.851487517,0,0,0,1],"scale":0.859099984,"type":"italy_palm_1_short"}
{"ctxid":0,"pos":[-1024.34998,1467.77002,163.548004],"rotationMatrix":[-0.867471457,0.497486949,0,-0.497486949,-0.867471457,0,0,0,1],"scale":0.908299983,"type":"italy_palm_1_short"}
{"ctxid":0,"pos":[-1011.15997,1460.43005,163.462997],"rotationMatrix":[0.400487423,-0.916302264,0,0.916302264,0.400487423,0,0,0,1],"scale":1.02540004,"type":"italy_palm_1_short"}
{"ctxid":0,"pos":[-1616.56006,1302.71997,163.531006],"rotationMatrix":[0.993592858,0.113018721,0,-0.113018721,0.993592858,0,0,0,1],"scale":0.914699972,"type":"italy_palm_1_short"}
{"ctxid":0,"pos":[-1618.28003,1293.62,164.197006],"rotationMatrix":[0.138540626,-0.990356743,0,0.990356743,0.138540626,0,0,0,1],"scale":0.892199993,"type":"italy_palm_1_short"}
{"ctxid":0,"pos":[-1619.17004,1285.72998,164.806],"rotationMatrix":[0.847758293,0.530382752,0,-0.530382752,0.847758293,0,0,0,1],"scale":1.15639997,"type":"italy_palm_1_short"}
{"ctxid":0,"pos":[-1617.35999,1280.07996,165.520996],"rotationMatrix":[0.450428724,0.892812371,0,-0.892812371,0.450428724,0,0,0,1],"scale":0.937399983,"type":"italy_palm_1_short"}
{"ctxid":0,"pos":[-1611.06995,1276.64001,166.026001],"rotationMatrix":[0.138803124,-0.990319967,0,0.990319967,0.138803124,0,0,0,1],"scale":1.03359997,"type":"italy_palm_1_short"}
{"ctxid":0,"pos":[-1603.46997,1275.54004,166.733002],"rotationMatrix":[0.418526649,0.908204496,0,-0.908204496,0.418526649,0,0,0,1],"scale":0.972299993,"type":"italy_palm_1_short"}
{"ctxid":0,"pos":[-1593.72998,1275,167.134995],"rotationMatrix":[-0.253261089,0.967397988,0,-0.967397988,-0.253261089,0,0,0,1],"scale":1.13269997,"type":"italy_palm_1_short"}
{"ctxid":0,"pos":[-1594.31995,1261.78003,167.186996],"rotationMatrix":[0.113687038,-0.993516624,0,0.993516624,0.113687038,0,0,0,1],"scale":0.965300024,"type":"italy_palm_1_short"}
{"ctxid":0,"pos":[-1602.66003,1262.31006,166.809998],"rotationMatrix":[0.81455946,0.580080092,0,-0.580080092,0.81455946,0,0,0,1],"scale":0.966199994,"type":"italy_palm_1_short"}
{"ctxid":0,"pos":[-1611.21997,1263.09998,166.389008],"rotationMatrix":[-0.562204957,-0.826997936,0,0.826997936,-0.562204957,0,0,0,1],"scale":0.836000025,"type":"italy_palm_1_short"}
{"ctxid":0,"pos":[-1618.68994,1262.70996,166.147995],"rotationMatrix":[0.0798181295,-0.996809423,0,0.996809423,0.0798181295,0,0,0,1],"scale":1.02450001,"type":"italy_palm_1_short"}
{"ctxid":0,"pos":[-1624.08997,1260.58997,166.354996],"rotationMatrix":[0.295990229,-0.955190957,0,0.955190957,0.295990229,0,0,0,1],"scale":1.01139998,"type":"italy_palm_1_short"}
{"ctxid":0,"pos":[-1627.54004,1253.44995,166.509995],