{"ctxid":0,"pos":[-476.667999,1178.55005,162.449005],"rotationMatrix":[0.979372978,-0.198496729,0.0377838239,0.198638946,0.980072737,-1.00836141e-05,-0.0370288938,0.00751521438,0.999285936],"scale":1,"type":"italy_road_highway_bridge_support"}
{"ctxid":0,"pos":[-434.174988,1171.90002,164.003998],"rotationMatrix":[0.993512869,-0.108993582,0.0324434713,0.109051704,0.994036078,-2.22113358e-05,-0.0322475582,0.00356008299,0.999473572],"scale":1,"type":"italy_road_highway_bridge_support"}
{"ctxid":0,"pos":[-435.558014,1156.85999,164.011993],"rotationMatrix":[0.994048834,-0.104419634,0.0310395826,0.104469843,0.994528055,4.32903153e-06,-0.030870188,0.00323839695,0.999518156],"scale":1,"type":"italy_road_highway_bridge_support"}
{"ctxid":0,"pos":[-558.66803,1204.05005,159.828995],"rotationMatrix":[0.910527587,-0.413213581,0.0139305023,0.413254499,0.910615563,-6.64164399e-05,-0.0126578882,0.00581731694,0.999902964],"scale":1,"type":"italy_road_highway_bridge_support"}
{"ctxid":0,"pos":[-518.383423,1189.05322,161.230118],"rotationMatrix":[0.956027985,-0.291463137,0.0325534642,0.291617602,0.956534982,3.08343374e-06,-0.0311394259,0.00949021615,0.999469995],"scale":1,"type":"italy_road_highway_bridge_support"}
{"ctxid":0,"pos":[-522.522644,1174.5686,161.869476],"rotationMatrix":[0.954705477,-0.295918584,0.0311391782,0.296060443,0.955169201,5.68639443e-05,-0.0297600105,0.00916479062,0.999515057],"scale":1,"type":"italy_road_highway_bridge_support"}
{"ctxid":0,"pos":[-564.047974,1190.20996,159.854004],"rotationMatrix":[0.91050458,-0.413205445,0.0155781629,0.41325739,0.910614252,-0.000127421765,-0.0141330454,0.00655380869,0.999878645],"scale":1,"type":"italy_road_highway_bridge_support"}
{"ctxid":0,"pos":[751.997986,1252.5,155.445007],"rotationMatrix":[1,0,0,0,1,0,0,0,1],"scale":1,"type":"italy_road_highway_bridge_support"}
{"ctxid":0,"pos":[780.155029,1246.26001,153.365005],"rotationMatrix":[0.914715528,-0.404098392,0,0.404098392,0.914715528,0,0,0,1],"scale":1,"type":"italy_road_highway_bridge_support"}
{"ctxid":0,"pos":[718.828003,1239,157.128006],"rotationMatrix":[0.802179575,0.597082853,0,-0.597082853,0.802179575,0,0,0,1],"scale":1,"type":"italy_road_highway_bridge_support"}
{"ctxid":0,"pos":[562.598999,1190.19995,174.554001],"rotationMatrix":[0.222994208,0.974819779,0,-0.974819779,0.222994208,0,0,0,1],"scale":0.721000016,"type":"italy_road_highway_bridge_support"}
{"ctxid":0,"pos":[567.822998,1213.75,174.539001],"rotationMatrix":[0.229711294,0.973258793,0,-0.973258793,0.229711294,0,0,0,1],"scale":1,"type":"italy_road_highway_bridge_support"}
{"ctxid":0,"pos":[557.140015,1165.95996,174.546997],"rotationMatrix":[0.229711294,0.973258793,0,-0.973258793,0.229711294,0,0,0,1],"scale":1,"type":"italy_road_highway_bridge_support"}
{"ctxid":0,"pos":[272.509003,1205.61182,165.978119],"rotationMatrix":[0.998338699,0.0575767048,-0.00218275306,-0.0575767048,0.998341084,6.28901034e-05,0.00218275306,6.28901034e-05,0.999997616],"scale":1,"type":"italy_road_highway_bridge_support"}
{"ctxid":0,"pos":[332.769989,1208.83997,165.671555],"rotationMatrix":[0.999028683,0.0439888462,-0.00258311396,-0.0439888462,0.999032021,5.6841709e-05,0.00258311396,5.6841709e-05,0.999996662],"scale":1,"type":"italy_road_highway_bridge_support"}
{"ctxid":0,"pos":[272.756989,1190.5918,165.949127],"rotationMatrix":[0.998383522,0.0567773953,-0.0025826972,-0.0567773953,0.99838686,7.33787165e-05,0.0025826972,7.33787165e-05,0.999996662],"scale":1,"type":"italy_road_highway_bridge_support"}
{"ctxid":0,"pos":[333.5,1193.71997,165.718552],"rotationMatrix":[0.999115586,0.0419914164,-0.00218317728,-0.0419914164,0.99911797,4.58576324e-05,0.00218317728,4.58576324e-05,0.999997616],"scale":1,"type":"italy_road_highway_bridge_support"}
{"ctxid":0,"pos":[152.065002,1198.95996,166.259995],"rotationMatrix":[0.997936249,0.0641679615,0.00239084545,-0.0641679615,0.99793911,-7.67870733e-05,-0.00239084545,-7.67870733e-05,0.999997139],"scale":1,"type":"italy_road_highway_bridge_support"}
{"ctxid":0,"pos":[212.283997,1202.05212,165.987137],"rotationMatrix":[0.99793911,0.0641680062,0,-0.0641680062,0.99793911,0,0,0,1],"scale":1,"type":"italy_road_highway_bridge_support"}
{"ctxid":0,"pos":[152.389999,1183.88,166.259003],"rotationMatrix":[0.997936249,0.0641679615,0.00239084545,-0.0641679615,0.99793911,-7.67870733e-05,-0.00239084545,-7.67870733e-05,0.999997139],"scale":1,"type":"italy_road_highway_bridge_support"}
{"ctxid":0,"pos":[212.572998,1186.91211,166.011124],"rotationMatrix":[0.997874498,0.0651650652,0,-0.0651650652,0.997874498,0,0,0,1],"scale":1,"type":"italy_road_highway_bridge_support"}
{"ctxid":0,"pos":[31.6401005,1190.5,165.738998],"rotationMatrix":[0.99790895,0.0645657033,0.00299968827,-0.0645667315,0.997913361,0.000248506229,-0.00297738402,-0.000441666663,0.99999547],"scale":1,"type":"italy_road_highway_bridge_support"}
{"ctxid":0,"pos":[91.8516006,1194.96997,166.031006],"rotationMatrix":[0.997880936,0.0649665892,0.00360278296,-0.0649665892,0.997887492,-0.000117154392,-0.00360278296,-0.000117154392,0.999993563],"scale":1,"type":"italy_road_highway_bridge_support"}
{"ctxid":0,"pos":[32.0365982,1175.43005,165.738998],"rotationMatrix":[0.99790895,0.0645657033,0.00299968827,-0.0645667315,0.997913361,0.000248506229,-0.00297738402,-0.000441666663,0.99999547],"scale":1,"type":"italy_road_highway_bridge_support"}
{"ctxid":0,"pos":[92.2118988,1179.89001,166.031006],"rotationMatrix":[0.997880936,0.0649665892,0.00360278296,-0.0649665892,0.997887492,-0.000117154392,-0.00360278296,-0.000117154392,0.999993563],"scale":1,"type":"italy_road_highway_bridge_support"}
{"ctxid":0,"pos":[-478.924377,1163.67822,163.135696],"rotationMatrix":[0.979056478,-0.203588709,0,0.203588709,0.979056478,0,0,0,1],"scale":1,"type":"italy_road_highway_bridge_support"}
