{"ctxid":0,"pos":[1106.58997,-680.500977,146.113007],"rotationMatrix":[1,0,0,0,1,0,0,0,1],"scale":1,"type":"italy_bollard_small"}
{"ctxid":0,"pos":[1106.60999,-681.476013,146.126007],"rotationMatrix":[1,0,0,0,1,0,0,0,1],"scale":1,"type":"italy_bollard_small"}
{"ctxid":0,"pos":[1395,1424.5,138.509995],"rotationMatrix":[1,0,0,0,1,0,0,0,1],"scale":1,"type":"italy_bollard_small"}
{"ctxid":0,"pos":[1398,1424.5,138.505005],"rotationMatrix":[1,0,0,0,1,0,0,0,1],"scale":1,"type":"italy_bollard_small"}
{"ctxid":0,"pos":[1399,1424.5,138.505997],"rotationMatrix":[1,0,0,0,1,0,0,0,1],"scale":1,"type":"italy_bollard_small"}
{"ctxid":0,"pos":[1396,1424.5,138.505997],"rotationMatrix":[1,0,0,0,1,0,0,0,1],"scale":1,"type":"italy_bollard_small"}
{"ctxid":0,"pos":[1397,1424.5,138.505997],"rotationMatrix":[1,0,0,0,1,0,0,0,1],"scale":1,"type":"italy_bollard_small"}
{"ctxid":0,"pos":[1425,1424.5,138.513],"rotationMatrix":[1,0,0,0,1,0,0,0,1],"scale":1,"type":"italy_bollard_small"}
{"ctxid":0,"pos":[1429,1424.5,138.505997],"rotationMatrix":[1,0,0,0,1,0,0,0,1],"scale":1,"type":"italy_bollard_small"}
{"ctxid":0,"pos":[1428,1424.5,138.505997],"rotationMatrix":[1,0,0,0,1,0,0,0,1],"scale":1,"type":"italy_bollard_small"}
{"ctxid":0,"pos":[1427,1424.5,138.505997],"rotationMatrix":[1,0,0,0,1,0,0,0,1],"scale":1,"type":"italy_bollard_small"}
{"ctxid":0,"pos":[1426,1424.5,138.505997],"rotationMatrix":[1,0,0,0,1,0,0,0,1],"scale":1,"type":"italy_bollard_small"}
{"ctxid":0,"pos":[-1113.94055,1672.1272,152.42157],"rotationMatrix":[1,0,0,0,1,0,0,0,1],"scale":1,"type":"italy_bollard_small"}
{"ctxid":0,"pos":[-1112.84155,1671.00867,152.42157],"rotationMatrix":[1,0,0,0,1,0,0,0,1],"scale":1,"type":"italy_bollard_small"}
{"ctxid":0,"pos":[-1113.49438,1671.35779,152.42157],"rotationMatrix":[1,0,0,0,1,0,0,0,1],"scale":1,"type":"italy_bollard_small"}
{"ctxid":0,"pos":[-1119.75232,1669.93042,152.42157],"rotationMatrix":[0.995711267,0.0925153643,0,-0.0925153643,0.995711267,0,0,0,1],"scale":1,"type":"italy_bollard_small"}
{"ctxid":0,"pos":[-1119.86865,1670.4657,152.42157],"rotationMatrix":[0.995711267,0.0925153643,0,-0.0925153643,0.995711267,0,0,0,1],"scale":1,"type":"italy_bollard_small"}
{"ctxid":0,"pos":[1488.8573,1487.88501,138.600052],"rotationMatrix":[1,0,0,0,1,0,0,0,1],"scale":1,"type":"italy_bollard_small"}
{"ctxid":0,"pos":[1490.70837,1487.18225,138.600037],"rotationMatrix":[1,0,0,0,1,0,0,0,1],"scale":1,"type":"italy_bollard_small"}
{"ctxid":0,"pos":[1488.29578,1489.75061,138.600037],"rotationMatrix":[1,0,0,0,1,0,0,0,1],"scale":1,"type":"italy_bollard_small"}
{"ctxid":0,"pos":[1488.35986,1488.72632,138.600052],"rotationMatrix":[1,0,0,0,1,0,0,0,1],"scale":1,"type":"italy_bollard_small"}
{"ctxid":0,"pos":[1489.76001,1487.32202,138.600067],"rotationMatrix":[1,0,0,0,1,0,0,0,1],"scale":1,"type":"italy_bollard_small"}
{"ctxid":0,"pos":[1492.75305,1487.18677,138.600067],"rotationMatrix":[1,0,0,0,1,0,0,0,1],"scale":1,"type":"italy_bollard_small"}
{"ctxid":0,"pos":[1495.177,1487.17993,138.600052],"rotationMatrix":[1,0,0,0,1,0,0,0,1],"scale":1,"type":"italy_bollard_small"}
{"ctxid":0,"pos":[1497.61584,1487.60315,138.600037],"rotationMatrix":[1,0,0,0,1,0,0,0,1],"scale":1,"type":"italy_bollard_small"}
{"ctxid":0,"pos":[1491.70923,1487.19482,138.600052],"rotationMatrix":[1,0,0,0,1,0,0,0,1],"scale":1,"type":"italy_bollard_small"}
{"ctxid":0,"pos":[1493.98486,1487.20776,138.600067],"rotationMatrix":[1,0,0,0,1,0,0,0,1],"scale":1,"type":"italy_bollard_small"}
{"ctxid":0,"pos":[1496.33655,1487.22632,138.600052],"rotationMatrix":[1,0,0,0,1,0,0,0,1],"scale":1,"type":"italy_bollard_small"}
{"ctxid":0,"pos":[1473.5,1485.5,138.528442],"rotationMatrix":[1,0,0,0,1,0,0,0,1],"scale":1,"type":"italy_bollard_small"}
{"ctxid":0,"pos":[1473.5,1487.5,138.528442],"rotationMatrix":[1,0,0,0,1,0,0,0,1],"scale":1,"type":"italy_bollard_small"}
{"ctxid":0,"pos":[1473.5,1486.5,138.528442],"rotationMatrix":[1,0,0,0,1,0,0,0,1],"scale":1,"type":"italy_bollard_small"}
{"ctxid":0,"pos":[1473.5,1488.5,138.528442],"rotationMatrix":[1,0,0,0,1,0,0,0,1],"scale":1,"type":"italy_bollard_small"}
{"ctxid":0,"pos":[1473.5,1489.5,138.533112],"rotationMatrix":[1,0,0,0,1,0,0,0,1],"scale":1,"type":"italy_bollard_small"}
{"ctxid":0,"pos":[1472.5,1489.5,138.533112],"rotationMatrix":[1,0,0,0,1,0,0,0,1],"scale":1,"type":"italy_bollard_small"}
{"ctxid":0,"pos":[1471.5,1489.5,138.533112],"rotationMatrix":[1,0,0,0,1,0,0,0,1],"scale":1,"type":"italy_bollard_small"}
{"ctxid":0,"pos":[1470.5,1489.5,138.533112],"rotationMatrix":[1,0,0,0,1,0,0,0,1],"scale":1,"type":"italy_bollard_small"}
{"ctxid":0,"pos":[1473.5,1550.5,138.528442],"rotationMatrix":[1,0,0,0,1,0,0,0,1],"scale":1,"type":"italy_bollard_small"}
{"ctxid":0,"pos":[1473.5,1552.5,138.528442],"rotationMatrix":[1,0,0,0,1,0,0,0,1],"scale":1,"type":"italy_bollard_small"}
{"ctxid":0,"pos":[1473.5,1555.5,138.528442],"rotationMatrix":[1,0,0,0,1,0,0,0,1],"scale":1,"type":"italy_bollard_small"}
{"ctxid":0,"pos":[1473.5,1554.5,138.528442],"rotationMatrix":[1,0,0,0,1,0,0,0,1],"scale":1,"type":"italy_bollard_small"}
{"ctxid":0,"pos":[1473.5,1553.5,138.528442],"rotationMatrix":[1,0,0,0,1,0,0,0,1],"scale":1,"type":"italy_bollard_small"}
{"ctxid":0,"pos":[1473.5,1556.5,138.519775],"rotationMatrix":[1,0,0,0,1,0,0,0,1],"scale":1,"type":"italy_bollard_small"}
{"ctxid":0,"pos":[1473.5,1551.5,138.528442],"rotationMatrix":[1,0,0,0,1,0,0,0,1],"scale":1,"type":"italy_bollard_small"}
{"ctxid":0,"pos":[1473.5,1558.5,138.528442],"rotationMatrix":[1,0,0,0,1,0,0,0,1],"scale":1,"type":"italy_bollard_small"}
{"ctxid":0,"pos":[1473.5,1557.5,138.52298],"rotationMatrix":[1,0,0,0,1,0,0,0,1],"scale":1,"type":"italy_bollard_small"}
{"ctxid":0,"pos":[-1634.68286,669.141846,138.680237],"rotationMatrix":[1,0,0,0,1,0,0,0,1],"scale":1,"type":"italy_bollard_small"}
{"ctxid":0,"pos":[-1633.60889,669.122253,138.669067],"rotationMatrix":[1,0,0,0,1,0,0,0,1],"scale":1,"type":"italy_bollard_small"}
{"ctxid":0,"pos":[-1632.61768,669.150452,138.692261],"rotationMatrix":[1,0,0,0,1,0,0,0,1],"scale":1,"type":"italy_bollard_small"}
{"ctxid":0,"pos":[-1631.56299,669.139832,138.671097],"rotationMatrix":[1,0,0,0,1,0,0,0,1],"scale":1,"type":"italy_bollard_small"}
{"ctxid":0,"pos":[-1629.3905,669.193665,138.67981],"rotationMatrix":[1,0,0,0,1,0,0,0,1],"scale":1,"type":"italy_bollard_small"}
{"ctxid":0,"pos":[-1627.18359,669.268799,138.664215],"rotationMatrix":[1,0,0,0,1,0,0,0,1],"scale":1,"type":"italy_bollard_small"}
{"ctxid":0,"pos":[-1630.50842,669.212769,138.666901],"rotationMatrix":[1,0,0,0,1,0,0,0,1],"scale":1,"type":"italy_bollard_small"}
{"ctxid":0,"pos":[-1628.30798,669.256714,138.680954],"rotationMatrix":[1,0,0,0,1,0,0,0,1],"scale":1,"type":"italy_bollard_small"}
{"ctxid":0,"pos":[-1626.16956,669.282898,138.649841],"rotationMatrix":[1,0,0,0,1,0,0,0,1],"scale":1,"type":"italy_bollard_small"}
{"ctxid":0,"pos":[332.918365,1847.11536,207.111938],"rotationMatrix":[1,0,0,0,1,0,0,0,1],"scale":1,"type":"italy_bollard_small"}
{"ctxid":0,"pos":[332.860657,1845.22412,207.113266],"rotationMatrix":[1,0,0,0,1,0,0,0,1],"scale":1,"type":"italy_bollard_small"}
{"ctxid":0,"pos":[332.86319,1843.3645,207.112732],"rotationMatrix":[1,0,0,0,1,0,0,0,1],"scale":1,"type":"italy_bollard_small"}
{"ctxid":0,"pos":[332.875885,1841.51099,207.115829],"rotationMatrix":[1,0,0,0,1,0,0,0,1],"scale":1,"type":"italy_bollard_small"}
{"ctxid":0,"pos":[332.903381,1839.58228,207.117142],"rotationMatrix":[1,0,0,0,1,0,0,0,1],"scale":1,"type":"italy_bollard_small"}
{"ctxid":0,"pos":[332.887604,1837.74744,207.104004],"rotationMatrix":[1,0,0,0,1,0,0,0,1],"scale":1,"type":"italy_bollard_small"}
{"ctxid":0,"pos":[332.896362,1846.17761,207.112549],"rotationMatrix":[1,0,0,0,1,0,0,0,1],"scale":1,"type":"italy_bollard_small"}
{"ctxid":0,"pos":[332.862305,1844.28003,207.113983],"rotationMatrix":[1,0,0,0,1,0,0,0,1],"scale":1,"type":"italy_bollard_small"}
{"ctxid":0,"pos":[332.863434,1842.4646,207.115265],"rotationMatrix":[1,0,0,0,1,0,0,0,1],"scale":1,"type":"italy_bollard_small"}
{"ctxid":0,