{"ctxid":0,"pos":[641.960205,-1582.52551,308.034271],"rotationMatrix":[-0.75825727,0.651955485,0,-0.651955485,-0.75825727,0,0,0,1],"scale":1,"type":"italy_wall_stone_short"}
{"ctxid":0,"pos":[640.552979,-1580.10522,307.899323],"rotationMatrix":[0.816416681,0.57746321,0,-0.57746321,0.816416681,0,0,0,1],"scale":1,"type":"italy_wall_stone_short"}
{"ctxid":0,"pos":[643.473083,-1583.78308,307.816376],"rotationMatrix":[0.999506354,-0.0314180255,0,0.0314180255,0.999506354,0,0,0,1],"scale":1,"type":"italy_wall_stone_short"}
{"ctxid":0,"pos":[643.237,-1585.979,307.750031],"rotationMatrix":[0.253019184,-0.967461288,0,0.967461288,0.253019184,0,0,0,1],"scale":1,"type":"italy_wall_stone_short"}
{"ctxid":0,"pos":[637.619812,-1579.66772,307.915375],"rotationMatrix":[-0.956017613,-0.293309242,0,0.293309242,-0.956017613,0,0,0,1],"scale":1,"type":"italy_wall_stone_short"}
{"ctxid":0,"pos":[637.038269,-1577.65259,307.984039],"rotationMatrix":[-0.335774839,0.941942275,0,-0.941942275,-0.335774839,0,0,0,1],"scale":1,"type":"italy_wall_stone_short"}
