{"ctxid":0,"pos":[-1756.05005,1398.93005,139.016998],"rotationMatrix":[8.94069672e-08,0.999999821,0,-0.999999821,8.94069672e-08,0,0,0,1],"scale":1,"type":"italy_light_single"}
{"ctxid":0,"pos":[-1754.81006,1420.58997,139.007004],"rotationMatrix":[-1.49011612e-08,0.999999762,0,-0.999999762,-1.49011612e-08,0,0,0,1],"scale":1,"type":"italy_light_single"}
{"ctxid":0,"pos":[-1756.06006,1439.19995,140.022003],"rotationMatrix":[8.94069672e-08,0.999999821,0,-0.999999821,8.94069672e-08,0,0,0,1],"scale":1,"type":"italy_light_single"}
{"ctxid":0,"pos":[-1758.5,1456.44995,140.593994],"rotationMatrix":[-1.49011612e-08,0.999999762,0,-0.999999762,-1.49011612e-08,0,0,0,1],"scale":1,"type":"italy_light_single"}
{"ctxid":0,"pos":[-1759.97998,1473.72998,141.016006],"rotationMatrix":[-2.98023224e-08,0.999999821,0,-0.999999821,-2.98023224e-08,0,0,0,1],"scale":1,"type":"italy_light_single"}
{"ctxid":0,"pos":[-1759.85999,1491.65002,141.022995],"rotationMatrix":[-0.00436861813,0.999990344,0,-0.999990344,-0.00436861813,0,0,0,1],"scale":1,"type":"italy_light_single"}
{"ctxid":0,"pos":[1103.48999,-649.614014,146.100006],"rotationMatrix":[2.98023224e-08,-0.999999881,0,0.999999881,2.98023224e-08,0,0,0,1],"scale":1,"type":"italy_light_single"}
{"ctxid":0,"pos":[1103.46997,-636.135986,146.100006],"rotationMatrix":[-0.0282838345,-0.999599874,0,0.999599874,-0.0282838345,0,0,0,1],"scale":1,"type":"italy_light_single"}
{"ctxid":0,"pos":[1103.5,-625.070007,146.100006],"rotationMatrix":[1.49011612e-07,-0.99999994,0,0.99999994,1.49011612e-07,0,0,0,1],"scale":1,"type":"italy_light_single"}
{"ctxid":0,"pos":[1103.56006,-611.468018,146.007996],"rotationMatrix":[-8.94069672e-08,-0.99999994,0,0.99999994,-8.94069672e-08,0,0,0,1],"scale":1,"type":"italy_light_single"}
{"ctxid":0,"pos":[1104.51001,-657.65802,146.100006],"rotationMatrix":[-5.96046448e-08,-0.999999821,0,0.999999821,-5.96046448e-08,0,0,0,1],"scale":1,"type":"italy_light_single"}
{"ctxid":0,"pos":[1104.52002,-671.333984,146.100006],"rotationMatrix":[1.1920929e-07,-1,0,1,1.1920929e-07,0,0,0,1],"scale":1,"type":"italy_light_single"}
{"ctxid":0,"pos":[1104.47998,-682.570007,146.100006],"rotationMatrix":[0.163077265,-0.986613214,0,0.986613214,0.163077265,0,0,0,1],"scale":1,"type":"italy_light_single"}
{"ctxid":0,"pos":[1104.52002,-696.052979,146.100006],"rotationMatrix":[8.94069672e-08,-0.999999404,0,0.999999404,8.94069672e-08,0,0,0,1],"scale":1,"type":"italy_light_single"}
{"ctxid":0,"pos":[1095.26001,-720.924988,146.005005],"rotationMatrix":[2.98023224e-08,0.999999821,0,-0.999999821,2.98023224e-08,0,0,0,1],"scale":1,"type":"italy_light_single"}
{"ctxid":0,"pos":[1095.23999,-701.955994,146.005005],"rotationMatrix":[-2.98023224e-08,0.999999881,0,-0.999999881,-2.98023224e-08,0,0,0,1],"scale":1,"type":"italy_light_single"}
{"ctxid":0,"pos":[1093.25,-683.976013,146.100006],"rotationMatrix":[-2.98023224e-08,0.999999881,0,-0.999999881,-2.98023224e-08,0,0,0,1],"scale":1,"type":"italy_light_single"}
{"ctxid":0,"pos":[1092.54004,-669.437988,146.100006],"rotationMatrix":[-2.98023224e-08,0.999999881,0,-0.999999881,-2.98023224e-08,0,0,0,1],"scale":1,"type":"italy_light_single"}
{"ctxid":0,"pos":[1092.55005,-648.90802,146.100006],"rotationMatrix":[1,0,0,0,1,0,0,0,1],"scale":1,"type":"italy_light_single"}
{"ctxid":0,"pos":[1124.48767,-703.5,146],"rotationMatrix":[0.00689513981,-0.999976099,0,0.999976099,0.00689513981,0,0,0,1],"scale":1,"type":"italy_light_single"}
{"ctxid":0,"pos":[1124.48767,-693,146],"rotationMatrix":[2.68220901e-07,-0.999999881,0,0.999999881,2.68220901e-07,0,0,0,1],"scale":1,"type":"italy_light_single"}
{"ctxid":0,"pos":[1124.48767,-682.5,146],"rotationMatrix":[7.4505806e-08,-0.999999762,0,0.999999762,7.4505806e-08,0,0,0,1],"scale":1,"type":"italy_light_single"}
{"ctxid":0,"pos":[211,-341.5,192.5],"rotationMatrix":[-0.99999994,-0.000230774283,0,0.000230774283,-0.99999994,0,0,0,1],"scale":1,"type":"italy_light_single"}
{"ctxid":0,"pos":[217.565994,-339.537994,192.264999],"rotationMatrix":[-0.99999994,1.93268061e-05,0,-1.93268061e-05,-0.99999994,0,0,0,1],"scale":1,"type":"italy_light_single"}
{"ctxid":0,"pos":[191.296005,-365.496002,194.123001],"rotationMatrix":[0.99999994,1.93417072e-05,0,-1.93417072e-05,0.99999994,0,0,0,1],"scale":1,"type":"italy_light_single"}
{"ctxid":0,"pos":[180.453003,-365.467987,194.218002],"rotationMatrix":[0.999999881,1.93417072e-05,0,-1.93417072e-05,0.999999881,0,0,0,1],"scale":1,"type":"italy_light_single"}
{"ctxid":0,"pos":[191.5,-376.471008,194.104996],"rotationMatrix":[-0.964508772,-0.264050066,0,0.264050066,-0.964508772,0,0,0,1],"scale":1,"type":"italy_light_single"}
{"ctxid":0,"pos":[180.473007,-376.48999,194.218002],"rotationMatrix":[-0.999998987,-0.00139537454,0,0.00139537454,-0.999998987,0,0,0,1],"scale":1,"type":"italy_light_single"}
{"ctxid":0,"pos":[1417.5,1414,138.514999],"rotationMatrix":[-0.998650312,0.0519355386,0,-0.0519355386,-0.998650312,0,0,0,1],"scale":1,"type":"italy_light_single"}
{"ctxid":0,"pos":[1405,1414,138.505997],"rotationMatrix":[-1,1.92672014e-05,0,-1.92672014e-05,-1,0,0,0,1],"scale":1,"type":"italy_light_single"}
{"ctxid":0,"pos":[1391.5,1414,138.520004],"rotationMatrix":[-0.999707043,0.024195537,0,-0.024195537,-0.999707043,0,0,0,1],"scale":1,"type":"italy_light_single"}
{"ctxid":0,"pos":[1379,1414,138.505997],"rotationMatrix":[-0.999919176,0.0127065778,0,-0.0127065778,-0.999919176,0,0,0,1],"scale":1,"type":"italy_light_single"}
{"ctxid":0,"pos":[1000.5,1309.26001,144.100006],"rotationMatrix":[-0.999999881,1.92821026e-05,0,-1.92821026e-05,-0.999999881,0,0,0,1],"scale":1,"type":"italy_light_single"}
{"ctxid":0,"pos":[1012.5,1309.18994,144.100006],"rotationMatrix":[-1,-9.70959663e-05,0,9.70959663e-05,-1,0,0,0,1],"scale":1,"type":"italy_light_single"}
{"ctxid":0,"pos":[1028.5,1309.18994,144.100006],"rotationMatrix":[-0.999999881,1.93417072e-05,0,-1.93417072e-05,-0.999999881,0,0,0,1],"scale":1,"type":"italy_light_single"}
{"ctxid":0,"pos":[978.60498,1309.05347,144.100006],"rotationMatrix":[-0.965930939,-0.258800328,0,0.258800328,-0.965930939,0,0,0,1],"scale":1,"type":"italy_light_single"}
{"ctxid":0,"pos":[990.218018,1309.33997,144.100006],"rotationMatrix":[-0.99999994,1.92373991e-05,0,-1.92373991e-05,-0.99999994,0,0,0,1],"scale":1,"type":"italy_light_single"}
{"ctxid":0,"pos":[936.981995,569.762024,188.977005],"rotationMatrix":[-0.965351343,0.260953605,0,-0.260953605,-0.965351343,0,0,0,1],"scale":1,"type":"italy_light_single"}
{"ctxid":0,"pos":[915.351013,543.48999,187.169998],"rotationMatrix":[-0.258967042,0.965886176,0,-0.965886176,-0.258967042,0,0,0,1],"scale":1,"type":"italy_light_single"}
{"ctxid":0,"pos":[189,-311,193],"rotationMatrix":[0.965925574,0.258818984,0,-0.258818984,0.965925574,0,0,0,1],"scale":1,"type":"italy_light_single"}
{"ctxid":0,"pos":[953.592041,1270.39026,147.150009],"rotationMatrix":[-0.999999642,-2.38418579e-07,0,2.38418579e-07,-0.999999642,0,0,0,1],"scale":1,"type":"italy_light_single"}
{"ctxid":0,"pos":[192.571411,1427.51428,187.075806],"rotationMatrix":[-0.707106411,-0.707106471,0,0.707106471,-0.707106411,0,0,0,1],"scale":1,"type":"italy_light_single"}
{"ctxid":0,"pos":[249.500244,-880,245.580566],"rotationMatrix":[-0.117524996,-0.993069947,0,0.993069947,-0.117524996,0,0,0,1],"scale":1,"type":"italy_light_single"}
{"ctxid":0,"pos":[251.605148,-868.975647,243.397034],"rotationMatrix":[-0.268119812,-0.963385522,0,0.963385522,-0.268119812,0,0,0,1],"scale":1,"type":"italy_light_single"}
{"ctxid":0,"pos":[254.559616,-857.549011,241.556702],"rotationMatrix":[-0.317046463,-0.948410034,0,0.948410034,-0.317046463,0,0,0,1],"scale":1,"type":"italy_light_single"}
{"ctxid":0,"pos":[259.5672,-847.071289,240.52066],"rotationMatrix":[-0.634111106,-0.773241699,0,0.773241699,-0.634111106,0,0,0,1],"scale":1,"type":"italy_light_single"}
{"ctxid":0,"pos":[270.036194,-837.670166,239.712677],"rotationMatrix":[-0.851603985,-0.524185717,0,0.524185717,-0.851603985,0,0,0,1],"scale":1,"type":"italy_light_single"}
{"ctxid":0,"pos":[-1021.68951,1660.17871,152.585571],