{"ctxid":0,"pos":[-814.12915,-1347.74329,142.296356],"rotationMatrix":[0.779622018,0.625658453,0.0272333305,-0.625890493,0.779911339,0,-0.0212395824,-0.0170450844,0.99962914],"scale":1,"type":"italy_guardrails_common_end"}
{"ctxid":0,"pos":[-835.727356,-1368.63672,141.976822],"rotationMatrix":[-0.593169212,-0.805078328,0,0.805078328,-0.593169212,0,0,0,1],"scale":1,"type":"italy_guardrails_common_end"}
{"ctxid":0,"pos":[-756.488098,-1322.44495,145.132126],"rotationMatrix":[0.954510987,0.297889501,-0.0130673461,-0.297861576,0.954600394,0.00407775445,0.0136888148,0,0.999906301],"scale":1,"type":"italy_guardrails_common_end"}
{"ctxid":0,"pos":[-762.253723,-1324.23035,144.96347],"rotationMatrix":[-0.93605721,-0.351847261,0,0.351847261,-0.93605721,0,0,0,1],"scale":1,"type":"italy_guardrails_common_end"}
{"ctxid":0,"pos":[-695.474731,-1306.15771,144.596298],"rotationMatrix":[-0.994080245,-0.0942491069,0.0540447272,0.0943870544,-0.995535254,0,0.0538034365,0.00510112336,0.998538435],"scale":1,"type":"italy_guardrails_common_end"}
{"ctxid":0,"pos":[-1506.15942,-1697.82642,175.581696],"rotationMatrix":[0.958464205,0.28521347,0,-0.28521347,0.958464205,0,0,0,1],"scale":1,"type":"italy_guardrails_common_end"}
{"ctxid":0,"pos":[-668.913818,-1310.62061,142.242462],"rotationMatrix":[0.953411877,-0.299270004,-0.037978746,0.299486071,0.954100192,0,0.0362355262,-0.0113741048,0.999278545],"scale":1,"type":"italy_guardrails_common_end"}
