{"ctxid":0,"pos":[1132.66016,1241.29102,148.209778],"rotationMatrix":[-0.19852981,-0.98009485,0,0.98009485,-0.19852981,0,0,0,1],"scale":1.1907506,"type":"scraggly_tree_2"}
{"ctxid":0,"pos":[1132.68042,1252.59277,148.229935],"rotationMatrix":[-0.411145061,0.911569953,0,-0.911569953,-0.411145061,0,0,0,1],"scale":1.0092752,"type":"scraggly_tree_2"}
{"ctxid":0,"pos":[1145.24951,1241.33606,148.179123],"rotationMatrix":[0.0957417488,0.99540621,0,-0.99540621,0.0957417488,0,0,0,1],"scale":1.02087748,"type":"scraggly_tree_2"}
{"ctxid":0,"pos":[1145.51086,1253.01807,148.148697],"rotationMatrix":[0.959010005,-0.283372253,0,0.283372253,0.959010005,0,0,0,1],"scale":1.0663408,"type":"scraggly_tree_2"}
{"ctxid":0,"pos":[1145.26636,1263.5249,148.200668],"rotationMatrix":[0.716389775,0.697700262,0,-0.697700262,0.716389775,0,0,0,1],"scale":0.997192085,"type":"scraggly_tree_2"}
{"ctxid":0,"pos":[1132.70593,1263.32825,148.251251],"rotationMatrix":[0.196896702,0.980424225,0,-0.980424225,0.196896702,0,0,0,1],"scale":0.948319495,"type":"scraggly_tree_2"}
{"ctxid":0,"pos":[1157.69409,1263.45264,148.247314],"rotationMatrix":[0.792410493,0.609988213,0,-0.609988213,0.792410493,0,0,0,1],"scale":0.881848276,"type":"scraggly_tree_2"}
{"ctxid":0,"pos":[1157.73792,1252.59875,148.161362],"rotationMatrix":[-0.910737634,0.412985355,0,-0.412985355,-0.910737634,0,0,0,1],"scale":1.12976277,"type":"scraggly_tree_2"}
{"ctxid":0,"pos":[1157.69348,1241.4082,148.230331],"rotationMatrix":[-0.996159852,-0.0875532255,0,0.0875532255,-0.996159852,0,0,0,1],"scale":1.09838045,"type":"scraggly_tree_2"}
{"ctxid":0,"pos":[1168.73901,1241.43774,148.214462],"rotationMatrix":[0.571985543,0.820263743,0,-0.820263743,0.571985543,0,0,0,1],"scale":0.878191948,"type":"scraggly_tree_2"}
{"ctxid":0,"pos":[1168.76428,1252.79248,148.173859],"rotationMatrix":[-0.89611727,-0.443817317,0,0.443817317,-0.89611727,0,0,0,1],"scale":1.00471902,"type":"scraggly_tree_2"}
{"ctxid":0,"pos":[1168.60803,1263.23242,148.098511],"rotationMatrix":[0.00778811472,0.999969661,0,-0.999969661,0.00778811472,0,0,0,1],"scale":0.913548827,"type":"scraggly_tree_2"}
{"ctxid":0,"pos":[956.831909,1204.78467,149.458633],"rotationMatrix":[0.863081992,0.505063891,0,-0.505063891,0.863081992,0,0,0,1],"scale":1.04336107,"type":"scraggly_tree_2"}
{"ctxid":0,"pos":[968.178345,1204.87219,149.488678],"rotationMatrix":[0.858425438,-0.51293838,0,0.51293838,0.858425438,0,0,0,1],"scale":0.946761489,"type":"scraggly_tree_2"}
{"ctxid":0,"pos":[953.713867,1190.29956,150.157593],"rotationMatrix":[-0.425461441,0.904976547,0,-0.904976547,-0.425461441,0,0,0,1],"scale":0.882436752,"type":"scraggly_tree_2"}
{"ctxid":0,"pos":[937.807007,1190.96631,150.128616],"rotationMatrix":[-0.037832927,-0.999284089,0,0.999284089,-0.037832927,0,0,0,1],"scale":1.11286688,"type":"scraggly_tree_2"}
{"ctxid":0,"pos":[922.985474,1197.77551,150.152451],"rotationMatrix":[0.238773122,0.971075356,0,-0.971075356,0.238773122,0,0,0,1],"scale":0.913353205,"type":"scraggly_tree_2"}
{"ctxid":0,"pos":[904.988586,1211.04517,149.689545],"rotationMatrix":[0.865446925,-0.501000583,0,0.501000583,0.865446925,0,0,0,1],"scale":0.931768417,"type":"scraggly_tree_2"}
{"ctxid":0,"pos":[662.805481,1246.94885,150.704575],"rotationMatrix":[-0.998947024,0.0458783619,0,-0.0458783619,-0.998947024,0,0,0,1],"scale":1.16041338,"type":"scraggly_tree_2"}
{"ctxid":0,"pos":[-1044.23169,842.91864,390.212555],"rotationMatrix":[0.854476273,0.519491196,0,-0.519491196,0.854476273,0,0,0,1],"scale":1.3855958,"type":"scraggly_tree_2"}
{"ctxid":0,"pos":[-1010.73053,843.78833,385.158997],"rotationMatrix":[0.385570288,-0.922678471,0,0.922678471,0.385570288,0,0,0,1],"scale":1.23135662,"type":"scraggly_tree_2"}
{"ctxid":0,"pos":[1490.79053,1489.86658,138.575699],"rotationMatrix":[-0.99999994,-0.000355394674,0,0.000355394674,-0.99999994,0,0,0,1],"scale":0.849533856,"type":"scraggly_tree_2"}
{"ctxid":0,"pos":[1488.99939,1505.14661,138.658737],"rotationMatrix":[-0.866490781,0.499193072,0,-0.499193072,-0.866490781,0,0,0,1],"scale":0.975075006,"type":"scraggly_tree_2"}
{"ctxid":0,"pos":[1497.58179,1505.12854,138.536285],"rotationMatrix":[-0.943869174,0.330319554,0,-0.330319554,-0.943869174,0,0,0,1],"scale":0.963590503,"type":"scraggly_tree_2"}
{"ctxid":0,"pos":[658.182068,-1363.09644,379.959839],"rotationMatrix":[-0.684880018,-0.728655875,0,0.728655875,-0.684880018,0,0,0,1],"scale":0.938199222,"type":"scraggly_tree_2"}
{"ctxid":0,"pos":[111.450966,1378.21143,186.81282],"rotationMatrix":[-0.866515994,0.499149263,0,-0.499149263,-0.866515994,0,0,0,1],"scale":1.0042547,"type":"scraggly_tree_2"}
{"ctxid":0,"pos":[98.1399994,1388.61047,185.437363],"rotationMatrix":[0.927838147,0.372983038,0,-0.372983038,0.927838147,0,0,0,1],"scale":0.822401226,"type":"scraggly_tree_2"}
{"ctxid":0,"pos":[93.1555328,1395.2489,183.560883],"rotationMatrix":[-0.99826622,-0.0588605069,0,0.0588605069,-0.99826622,0,0,0,1],"scale":0.892115474,"type":"scraggly_tree_2"}
{"ctxid":0,"pos":[166.343643,1399.83801,187.088791],"rotationMatrix":[0.753480375,0.657470405,0,-0.657470405,0.753480375,0,0,0,1],"scale":1.06835508,"type":"scraggly_tree_2"}
{"ctxid":0,"pos":[149.292953,1400.00659,187.058014],"rotationMatrix":[-0.637932062,0.770092607,0,-0.770092607,-0.637932062,0,0,0,1],"scale":1.11859298,"type":"scraggly_tree_2"}
{"ctxid":0,"pos":[160.591049,1399.85522,187.055832],"rotationMatrix":[-0.920511723,0.39071539,0,-0.39071539,-0.920511723,0,0,0,1],"scale":1.14922285,"type":"scraggly_tree_2"}
{"ctxid":0,"pos":[135.093109,1387.19958,187.026138],"rotationMatrix":[-0.848044515,0.529924631,0,-0.526800215,-0.8430444,-0.108430758,-0.0574601218,-0.0919541121,0.994103909],"scale":1.05938637,"type":"scraggly_tree_2"}
{"ctxid":0,"pos":[142.150635,1380.24011,187.021103],"rotationMatrix":[0.136448368,-0.982878864,-0.123820238,0.989784241,0.130041853,0.0584605746,-0.0413578227,-0.130532056,0.990581155],"scale":1.11605334,"type":"scraggly_tree_2"}
{"ctxid":0,"pos":[313.421448,1849.08997,207.077789],"rotationMatrix":[-0.852501571,0.522724688,0,-0.522724688,-0.852501571,0,0,0,1],"scale":1.10875189,"type":"scraggly_tree_2"}
{"ctxid":0,"pos":[307.774963,1849.12097,207.176834],"rotationMatrix":[0.742773473,-0.669542372,0,0.669542372,0.742773473,0,0,0,1],"scale":1.09621203,"type":"scraggly_tree_2"}
{"ctxid":0,"pos":[461.308838,995.536743,149.029602],"rotationMatrix":[0.437127262,0.899399638,0,-0.899399638,0.437127262,0,0,0,1],"scale":0.967229724,"type":"scraggly_tree_2"}
{"ctxid":0,"pos":[473.216156,937.0755,149.99292],"rotationMatrix":[0.0363794267,0.999338031,0,-0.999338031,0.0363794267,0,0,0,1],"scale":1.09184134,"type":"scraggly_tree_2"}
{"ctxid":0,"pos":[476.97467,916.04126,151.340073],"rotationMatrix":[0.692380726,0.721532345,0,-0.721532345,0.692380726,0,0,0,1],"scale":1.17632687,"type":"scraggly_tree_2"}
{"ctxid":0,"pos":[459.059906,730.26532,162.470062],"rotationMatrix":[-0.625600934,-0.780143261,0,0.780143261,-0.625600934,0,0,0,1],"scale":0.859710515,"type":"scraggly_tree_2"}
{"ctxid":0,"pos":[372.701691,681.591187,161.652756],"rotationMatrix":[-0.487112075,-0.873339474,0,0.873339474,-0.487112075,0,0,0,1],"scale":1.18341768,"type":"scraggly_tree_2"}
{"ctxid":0,"pos":[292.254578,667.739258,163.439362],"rotationMatrix":[0.487884313,-0.872908294,0,0.872908294,0.487884313,0,0,0,1],"scale":1.10216665,"type":"scraggly_tree_2"}
{"ctxid":0,"pos":[267.77713,671.346375,164.105377],"rotationMatrix":[-0.0882619843,0.996097267,0,-0.996097267,-0.0882619843,0,0,0,1],"scale":0.838141561,"type":"scraggly_tree_2"}
{"ctxid":0,"pos":[85.4553223,576.342529,168.394867],"rotationMatrix":[-0.985774279,-0.168074533,0,0.168074533,-0.985774279,0,0,0,1],"scale":1.17917418,"type":"scraggly_tree_2"}
{"ctxid":0,"pos":[110.674171,631.522217,168.668213],"rotationMatrix":[0.999412298,-0.0342799425,0,0.0342799425,0.999412298,0,0,0,1],"scale":1.02706802,"type":"scraggly_tree_2"}
{"ctxid":0,"pos":[107.446732,-927.07312,305.419891],"rotationMatrix":[0.96958065,0.244772181,0,-0.244772181,0.96958065,0,0,0,1],