{"ctxid":0,"pos":[-309.520996,375.996002,173.645004],"rotationMatrix":[-0.506847858,0.862035513,0,-0.862035513,-0.506847858,0,0,0,1],"scale":0.928200006,"type":"tall_plant_bush"}
{"ctxid":0,"pos":[-307.92099,395.582001,175.195999],"rotationMatrix":[0.0784611702,-0.996917188,0,0.996917188,0.0784611702,0,0,0,1],"scale":0.888100028,"type":"tall_plant_bush"}
{"ctxid":0,"pos":[-306.994995,401.287994,176.246994],"rotationMatrix":[-0.900080085,-0.435724497,0,0.435724497,-0.900080085,0,0,0,1],"scale":0.850099981,"type":"tall_plant_bush"}
{"ctxid":0,"pos":[-316.283997,349.697998,173.492004],"rotationMatrix":[0.428833246,-0.903383672,0,0.903383672,0.428833246,0,0,0,1],"scale":1.00549996,"type":"tall_plant_bush"}
{"ctxid":0,"pos":[-314.300995,357.040009,173.337006],"rotationMatrix":[0.832611084,-0.553858101,0,0.553858101,0.832611084,0,0,0,1],"scale":0.929799974,"type":"tall_plant_bush"}
{"ctxid":0,"pos":[-319.755005,343.618011,172.919998],"rotationMatrix":[0.993570209,-0.113217667,0,0.113217667,0.993570209,0,0,0,1],"scale":0.850300014,"type":"tall_plant_bush"}
{"ctxid":0,"pos":[-391.945007,340.958008,173.076004],"rotationMatrix":[-0.990012527,0.140979424,0,-0.140979424,-0.990012527,0,0,0,1],"scale":0.855700016,"type":"tall_plant_bush"}
{"ctxid":0,"pos":[1057,-707.586975,144.787994],"rotationMatrix":[0.665437937,-0.746453166,0,0.746453166,0.665437937,0,0,0,1],"scale":1.02880001,"type":"tall_plant_bush"}
{"ctxid":0,"pos":[1070.13,-706.875,145.539993],"rotationMatrix":[0.734256029,-0.671025515,-0.102921478,0.675364196,0.706624508,0.211104229,-0.068929486,-0.224514037,0.972029924],"scale":0.865400016,"type":"tall_plant_bush"}
{"ctxid":0,"pos":[1076.69995,-707.09198,145.684998],"rotationMatrix":[-0.466499329,-0.884521544,0,0.884521544,-0.466499329,0,0,0,1],"scale":0.969099998,"type":"tall_plant_bush"}
{"ctxid":0,"pos":[1052.06995,-715.783997,144.483994],"rotationMatrix":[0.976325035,0.216308638,0,-0.216308638,0.976325035,0,0,0,1],"scale":0.851300001,"type":"tall_plant_bush"}
{"ctxid":0,"pos":[595.153015,613.856995,176.535995],"rotationMatrix":[-0.381786942,0.924250364,0,-0.924250364,-0.381786942,0,0,0,1],"scale":1.01559997,"type":"tall_plant_bush"}
{"ctxid":0,"pos":[603.119019,614.591003,176.082001],"rotationMatrix":[-0.957429051,0.288668692,0,-0.288668692,-0.957429051,0,0,0,1],"scale":1.05669999,"type":"tall_plant_bush"}
{"ctxid":0,"pos":[592.322998,150.983002,181.737],"rotationMatrix":[-0.976867199,0.213846847,0,-0.213846847,-0.976867199,0,0,0,1],"scale":0.992600024,"type":"tall_plant_bush"}
{"ctxid":0,"pos":[602.796997,137.712997,181.763],"rotationMatrix":[-0.97448194,0.224465922,0,-0.224465922,-0.97448194,0,0,0,1],"scale":0.895200014,"type":"tall_plant_bush"}
{"ctxid":0,"pos":[612.422974,140.151001,181.059006],"rotationMatrix":[-0.872112393,0.489305615,0,-0.489305615,-0.872112393,0,0,0,1],"scale":1.02199996,"type":"tall_plant_bush"}
{"ctxid":0,"pos":[601.346985,155.264008,181.059006],"rotationMatrix":[0.268675804,-0.963230669,0,0.963230669,0.268675804,0,0,0,1],"scale":0.917400002,"type":"tall_plant_bush"}
{"ctxid":0,"pos":[405.394012,574.617004,169.714996],"rotationMatrix":[0.433526278,-0.901140928,0,0.901140928,0.433526278,0,0,0,1],"scale":1.00100005,"type":"tall_plant_bush"}
{"ctxid":0,"pos":[404.916992,568.804016,168.878998],"rotationMatrix":[0.978575468,-0.20588845,0,0.20588845,0.978575468,0,0,0,1],"scale":0.894999981,"type":"tall_plant_bush"}
{"ctxid":0,"pos":[406.517609,593.314087,171.438538],"rotationMatrix":[-0.0888845176,-0.861642838,0.49967131,0.99574101,-0.0645396188,0.0658350065,-0.0244775042,0.503395021,0.863710046],"scale":0.914099991,"type":"tall_plant_bush"}
{"ctxid":0,"pos":[403.856995,587.986023,172.164001],"rotationMatrix":[-0.904761553,-0.42591846,0,0.42591846,-0.904761553,0,0,0,1],"scale":0.848999977,"type":"tall_plant_bush"}
{"ctxid":0,"pos":[430.061005,574.69397,169.613007],"rotationMatrix":[0.760706425,0.649096072,0,-0.649096072,0.760706425,0,0,0,1],"scale":0.925000012,"type":"tall_plant_bush"}
{"ctxid":0,"pos":[429.29599,567.703979,169.820007],"rotationMatrix":[-0.194130659,-0.980975688,0,0.980975688,-0.194130659,0,0,0,1],"scale":0.882099986,"type":"tall_plant_bush"}
{"ctxid":0,"pos":[431.667999,599.687012,169.307999],"rotationMatrix":[-0.862449884,0.506142437,0,-0.506142437,-0.862449884,0,0,0,1],"scale":1.06449997,"type":"tall_plant_bush"}
{"ctxid":0,"pos":[433.132996,608.495972,169.485001],"rotationMatrix":[-0.325191975,-0.945648015,0,0.945648015,-0.325191975,0,0,0,1],"scale":0.8574,"type":"tall_plant_bush"}
{"ctxid":0,"pos":[428.71701,618.47998,167.979996],"rotationMatrix":[0.72753036,0.686075509,0,-0.686075509,0.72753036,0,0,0,1],"scale":0.942600012,"type":"tall_plant_bush"}
{"ctxid":0,"pos":[437.536011,380.131012,170.481995],"rotationMatrix":[0.699997425,-0.714145362,0,0.714145362,0.699997425,0,0,0,1],"scale":0.881299973,"type":"tall_plant_bush"}
{"ctxid":0,"pos":[437.200989,393.886993,170.399002],"rotationMatrix":[-0.537907243,0.843004048,0,-0.843004048,-0.537907243,0,0,0,1],"scale":1.05879998,"type":"tall_plant_bush"}
{"ctxid":0,"pos":[438.14801,402.697998,170.261993],"rotationMatrix":[0.284074306,-0.958802283,0,0.958802283,0.284074306,0,0,0,1],"scale":1.02079999,"type":"tall_plant_bush"}
{"ctxid":0,"pos":[454.149994,396.981995,170.160004],"rotationMatrix":[0.822868466,-0.568231881,0,0.568231881,0.822868466,0,0,0,1],"scale":1.06009996,"type":"tall_plant_bush"}
{"ctxid":0,"pos":[454.306,386.067993,170.248993],"rotationMatrix":[-0.936905503,0.349582732,0,-0.349582732,-0.936905503,0,0,0,1],"scale":1.01460004,"type":"tall_plant_bush"}
{"ctxid":0,"pos":[444.912994,343.869995,169.263],"rotationMatrix":[0.992036819,0.125948206,0,-0.125948206,0.992036819,0,0,0,1],"scale":1.08280003,"type":"tall_plant_bush"}
{"ctxid":0,"pos":[445.833008,338.230011,170.289993],"rotationMatrix":[0.795839548,-0.605507553,0,0.605507553,0.795839548,0,0,0,1],"scale":0.885500014,"type":"tall_plant_bush"}
{"ctxid":0,"pos":[464.436249,347.929321,170.218002],"rotationMatrix":[0.0139943836,-0.999901712,0,0.977383673,0.0136792287,0.211028501,-0.211007759,-0.00295321411,0.977479815],"scale":1.09179997,"type":"tall_plant_bush"}
{"ctxid":0,"pos":[454.304993,369.617004,170.511002],"rotationMatrix":[0.994318247,-0.106448226,0,0.106448226,0.994318247,0,0,0,1],"scale":0.973100007,"type":"tall_plant_bush"}
{"ctxid":0,"pos":[440.617004,362.162994,170.477005],"rotationMatrix":[-0.157633305,-0.987497687,0,0.987497687,-0.157633305,0,0,0,1],"scale":0.883300006,"type":"tall_plant_bush"}
{"ctxid":0,"pos":[436.497986,367.701996,170.796997],"rotationMatrix":[-0.966541052,-0.256511986,0,0.256511986,-0.966541052,0,0,0,1],"scale":0.87379998,"type":"tall_plant_bush"}
{"ctxid":0,"pos":[432.355988,285.923004,172.557007],"rotationMatrix":[-0.840129375,-0.542386055,0,0.542386055,-0.840129375,0,0,0,1],"scale":1.08379996,"type":"tall_plant_bush"}
{"ctxid":0,"pos":[442.562012,306.013,171.328003],"rotationMatrix":[0.525856733,-0.850573182,0,0.850573182,0.525856733,0,0,0,1],"scale":0.885800004,"type":"tall_plant_bush"}
{"ctxid":0,"pos":[439.881989,315.272003,170.755005],"rotationMatrix":[-0.189190388,0.981940448,0,-0.981940448,-0.189190388,0,0,0,1],"scale":1.04620004,"type":"tall_plant_bush"}
{"ctxid":0,"pos":[440.700012,273.519012,173.162994],"rotationMatrix":[0.900363445,0.435138673,0,-0.435138673,0.900363445,0,0,0,1],"scale":0.9278,"type":"tall_plant_bush"}
{"ctxid":0,"pos":[449.006989,286.044006,172.093994],"rotationMatrix":[0.977907896,-0.209036231,0,0.209036231,0.977907896,0,0,0,1],"scale":0.946799994,"type":"tall_plant_bush"}
{"ctxid":0,"pos":[459.006012,296.786987,171.276993],"rotationMatrix":[0.185911894,0.982566416,0,-0.982566416,0.185911894,0,0,0,1],"scale":0.879599988,"type":"tall_plant_bush"}
{"ctxid":0,"pos":[462.480011,319.184998,170.087006],"rotationMatrix":[-0.425009608,-0.905188859,0,0.905188859,-0.425009608,0,0,0,1],"scale":0.850399971,"type":"tall_plant_bush"}
{"ctxid":0,"pos":[460.787994,326.653015,170.059998],